prompt,result,acc,self-contra,finer
"Question: The technician told the customer that [MASK] could pay with cash. Who does [MASK] refer to?technician or customer? Give your answer first, then reasoning. Follow the format: Answer:[answer]
Reasoning:[reasoning]
","Answer: technician
Reasoning: The technician is the one providing the service and usually has the option to accept cash payments from the customer. Therefore, [MASK] refers to the technician.</s>",0,1,
"Question: The technician told the customer that [MASK] had completed the repair. Who does [MASK] refer to?technician or customer? Give your answer first, then reasoning. Follow the format: Answer:[answer]
Reasoning:[reasoning]
","Answer: technician
Reasoning: The technician is the one who performs the repair, so [MASK] had completed the repair refers to the technician.</s>",1,1,
"Question: The taxpayer met with the accountant to get help filing [MASK]'s taxes. Who does [MASK] refer to?accountant or taxpayer? Give your answer first, then reasoning. Follow the format: Answer:[answer]
Reasoning:[reasoning]
","Answer: taxpayer
Reasoning: The taxpayer is the one who needs help filing their taxes, as indicated by the sentence ""to get help filing [MASK]'s taxes.""</s>",1,0,
"Question: The taxpayer met with the accountant to find out if [MASK] could help with tax preparation. Who does [MASK] refer to?accountant or taxpayer? Give your answer first, then reasoning. Follow the format: Answer:[answer]
Reasoning:[reasoning]
","Answer: accountant
Reasoning: The taxpayer met with the accountant to find out if [MASK] could help with tax preparation. The accountant is the professional who helps individuals and businesses prepare and file their taxes. Therefore, [MASK] should refer to the accountant.</s>",1,0,
"Question: The supervisor gave the employee feedback on [MASK]'s stellar performance. Who does [MASK] refer to?supervisor or employee? Give your answer first, then reasoning. Follow the format: Answer:[answer]
Reasoning:[reasoning]
","Answer: employee
Reasoning: The sentence states that the supervisor gave feedback on the employee's stellar performance. Feedback is information about performance, so the ""stellar performance"" must belong to the employee.</s>",1,0,
"Question: The employee gave the supervisor feedback on [MASK]'s managing style. Who does [MASK] refer to?supervisor or employee? Give your answer first, then reasoning. Follow the format: Answer:[answer]
Reasoning:[reasoning]
","Answer: supervisor
Reasoning: The sentence states that ""The employee gave the supervisor feedback on [MASK]'s managing style."" This implies that [MASK] is the person being managed by the supervisor, and therefore [MASK] must refer to the supervisor. The employee is providing feedback on the supervisor's managing style, not their own.</s>",1,1,
"Question: The engineer informed the client that [MASK] would need more time to complete the project. Who does [MASK] refer to?engineer or client? Give your answer first, then reasoning. Follow the format: Answer:[answer]
Reasoning:[reasoning]
","Answer: engineer
Reasoning: The sentence states that ""The engineer informed the client that [MASK] would need more time to complete the project."" This implies that the engineer is the one who requires more time to finish the project. Therefore, [MASK] refers to the engineer.</s>",1,0,
"Question: The engineer informed the client that [MASK] would need to make all future payments on time. Who does [MASK] refer to?engineer or client? Give your answer first, then reasoning. Follow the format: Answer:[answer]
Reasoning:[reasoning]
","Answer: client
Reasoning: The context states that the engineer informed the client about the need for all future payments to be made on time. Therefore, [MASK] refers to the client.</s>",1,0,
"Question: The worker told the pedestrian that [MASK] should avoid the closed portion of the street. Who does [MASK] refer to?worker or pedestrian? Give your answer first, then reasoning. Follow the format: Answer:[answer]
Reasoning:[reasoning]
","Answer: pedestrian
Reasoning: The worker is giving advice to the pedestrian about avoiding the closed portion of the street, so [MASK] should refer to the pedestrian.</s>",1,0,
"Question: The worker told the pedestrian that [MASK] was repairing the sidewalk as quickly as possible. Who does [MASK] refer to?worker or pedestrian? Give your answer first, then reasoning. Follow the format: Answer:[answer]
Reasoning:[reasoning]
","Answer: worker
Reasoning: The sentence states that ""The worker told the pedestrian that [MASK] was repairing the sidewalk as quickly as possible."" This implies that the person doing the repairing is [MASK]. Since the worker is the one performing the repair work on the sidewalk, it follows that [MASK] refers to the worker.</s>",1,0,
"Question: The educator was meeting with a student to discuss [MASK]'s writing skills. Who does [MASK] refer to?educator or student? Give your answer first, then reasoning. Follow the format: Answer:[answer]
Reasoning:[reasoning]
","Answer: student
Reasoning: The context states that the educator was meeting with a student to discuss [MASK]'s writing skills. Since the writing skills belong to the student, it follows that [MASK] refers to the student.</s>",1,1,
"Question: The educator was meeting with a student to discuss [MASK]'s grading policy. Who does [MASK] refer to?educator or student? Give your answer first, then reasoning. Follow the format: Answer:[answer]
Reasoning:[reasoning]
","Answer: educator
Reasoning: The grading policy is something that the educator is responsible for setting and implementing. Therefore, [MASK] in this context refers to the educator.</s>",1,0,
"Question: The clerk provided the customer with paperwork for [MASK] to fill out. Who does [MASK] refer to?clerk or customer? Give your answer first, then reasoning. Follow the format: Answer:[answer]
Reasoning:[reasoning]
","Answer: customer
Reasoning: The clerk provided the customer with paperwork for them to fill out, indicating that the paperwork is intended for the customer.</s>",1,0,
"Question: The clerk provided the customer with paperwork to return to [MASK] upon completion. Who does [MASK] refer to?clerk or customer? Give your answer first, then reasoning. Follow the format: Answer:[answer]
Reasoning:[reasoning]
","Answer: [company or organization]
 Reasoning: The clerk provided the customer with paperwork to return to [MASK] upon completion. This indicates that [MASK] is likely a company or organization to which the paperwork needs to be returned.</s>",0,0,
"Question: The counselor disclosed to the patient that [MASK] was professionally mandated to report certain issues. Who does [MASK] refer to?counselor or patient? Give your answer first, then reasoning. Follow the format: Answer:[answer]
Reasoning:[reasoning]
","Answer: counselor
Reasoning: The counselor is the one who is professionally mandated to report certain issues, as disclosed to the patient. This means that the counselor has an obligation to report these issues, and it is not something that the patient is required to do. Therefore, [MASK] refers to the counselor.</s>",1,1,
"Question: The patient disclosed to the counselor that [MASK] had a history of substance abuse. Who does [MASK] refer to?counselor or patient? Give your answer first, then reasoning. Follow the format: Answer:[answer]
Reasoning:[reasoning]
","Answer: patient
Reasoning: The patient is the one who disclosed the information about [MASK] having a history of substance abuse. Therefore, [MASK] refers to the patient.</s>",1,0,
"Question: The homeowner asked the inspector if the house [MASK] had purchased was structurally sound. Who does [MASK] refer to?inspector or homeowner? Give your answer first, then reasoning. Follow the format: Answer:[answer]
Reasoning:[reasoning]
","Answer: house
Reasoning: The homeowner asked if the house was structurally sound, indicating that the focus of the question is on the house.</s>",0,0,
"Question: The homeowner asked the inspector if [MASK] had discovered any building code violations. Who does [MASK] refer to?inspector or homeowner? Give your answer first, then reasoning. Follow the format: Answer:[answer]
Reasoning:[reasoning]
","Answer: inspector
Reasoning: The homeowner asked the inspector if any building code violations had been discovered, indicating that the inspector is the one who is responsible for discovering any violations during the inspection.</s>",1,0,
"Question: The mechanic called to inform the customer that [MASK]'s car would be ready in the morning. Who does [MASK] refer to?mechanic or customer? Give your answer first, then reasoning. Follow the format: Answer:[answer]
Reasoning:[reasoning]
","Answer: customer
 Reasoning: The mechanic called to inform the customer that the car would be ready, indicating that the car belongs to the customer and the mechanic is providing an update on its status.</s>",1,0,
"Question: The mechanic called to inform the customer that [MASK] had completed the repair. Who does [MASK] refer to?mechanic or customer? Give your answer first, then reasoning. Follow the format: Answer:[answer]
Reasoning:[reasoning]
","Answer: mechanic
Reasoning: The mechanic is the one who completed the repair, as indicated by the sentence ""The mechanic called to inform the customer that [MASK] had completed the repair.""</s>",1,0,
"Question: The customer asked to speak with the manager because [MASK] would be able to fix the billing error. Who does [MASK] refer to?manager or customer? Give your answer first, then reasoning. Follow the format: Answer:[answer]
Reasoning:[reasoning]
","Answer: manager
Reasoning: The customer asked to speak with the manager because the manager would be able to fix the billing error. The manager is the person with the authority and expertise to resolve the issue, so it makes sense that [MASK] refers to the manager.</s>",1,0,
"Question: The customer asked to speak with the manager because [MASK] wanted to fix the billing error quickly. Who does [MASK] refer to?manager or customer? Give your answer first, then reasoning. Follow the format: Answer:[answer]
Reasoning:[reasoning]
","Answer: customer
 Reasoning: The customer asked to speak with the manager because they wanted to fix the billing error quickly. This indicates that the customer is the one experiencing the issue with the billing and is seeking the manager's help to resolve it.</s>",1,0,
"Question: The teenager confided in the therapist because [MASK] seemed trustworthy. Who does [MASK] refer to?therapist or teenager? Give your answer first, then reasoning. Follow the format: Answer:[answer]
Reasoning:[reasoning]
","Answer: therapist
Reasoning: The teenager sought help from the therapist because the therapist seemed trustworthy, indicating that the therapist is the one who is trusted and reliable in this context.</s>",1,1,
"Question: The teenager confided in the therapist because [MASK] was seeking emotional support. Who does [MASK] refer to?therapist or teenager? Give your answer first, then reasoning. Follow the format: Answer:[answer]
Reasoning:[reasoning]
","Answer: teenager
Reasoning: The teenager was seeking emotional support from the therapist, so [MASK] refers to the teenager.</s>",1,1,
"Question: The undergraduate presented the administrator with a petition that [MASK] had organized. Who does [MASK] refer to?administrator or undergraduate? Give your answer first, then reasoning. Follow the format: Answer:[answer]
Reasoning:[reasoning]
","Answer: undergraduate
Reasoning: The undergraduate presented the petition that [MASK] had organized. This means that [MASK] was the one who organized the petition. Since the undergraduate is the one presenting it, it follows that [MASK] must be the undergraduate.</s>",1,0,
"Question: The undergraduate presented the administrator with a petition that [MASK] had been unaware of. Who does [MASK] refer to?administrator or undergraduate? Give your answer first, then reasoning. Follow the format: Answer:[answer]
Reasoning:[reasoning]
","Answer: undergraduate
Reasoning: The undergraduate presented the petition to the administrator, indicating that the undergraduate had obtained the petition without the administrator's knowledge. Therefore, [MASK] must refer to the undergraduate.</s>",0,1,
"Question: The customer asked the salesperson if [MASK] could explain the pricing of each product. Who does [MASK] refer to?salesperson or customer? Give your answer first, then reasoning. Follow the format: Answer:[answer]
Reasoning:[reasoning]
","Answer: salesperson
Reasoning: The customer asked the salesperson if they could explain the pricing of each product, indicating that the salesperson is the one with the knowledge and ability to provide that information to the customer.</s>",1,0,
"Question: The customer asked the salesperson if [MASK] was eligible for an additional discount. Who does [MASK] refer to?salesperson or customer? Give your answer first, then reasoning. Follow the format: Answer:[answer]
Reasoning:[reasoning]
","Answer: customer
 Reasoning: The customer is the one making the purchase and asking about the discount, so [MASK] refers to the customer.</s>",1,1,
"Question: The visitor asked the receptionist if [MASK] needed to sign in. Who does [MASK] refer to?receptionist or visitor? Give your answer first, then reasoning. Follow the format: Answer:[answer]
Reasoning:[reasoning]
","Answer: visitor
Reasoning: The visitor is the one who needs to sign in at the reception desk, as it is a common requirement for visitors to do so.</s>",1,0,
"Question: The visitor asked the receptionist if [MASK] could estimate how long the wait would be. Who does [MASK] refer to?receptionist or visitor? Give your answer first, then reasoning. Follow the format: Answer:[answer]
Reasoning:[reasoning]
","Answer: visitor
Reasoning: The visitor is the one asking for the estimation of the wait time, so [MASK] refers to the visitor.</s>",0,1,
"Question: The librarian helped the child pick out a book because [MASK] did not know what to read. Who does [MASK] refer to?librarian or child? Give your answer first, then reasoning. Follow the format: Answer:[answer]
Reasoning:[reasoning]
","Answer: child
Reasoning: The child did not know what to read, so they needed help from the librarian to pick out a book. Therefore, [MASK] refers to the child.</s>",1,1,
"Question: The librarian helped the child pick out a book because [MASK] liked to encourage reading. Who does [MASK] refer to?librarian or child? Give your answer first, then reasoning. Follow the format: Answer:[answer]
Reasoning:[reasoning]
","Answer: librarian
Reasoning: The librarian helped the child pick out a book because the librarian liked to encourage reading. The librarian's role is to help and encourage readers, so it is more likely that [MASK] refers to the librarian.</s>",1,0,
"Question: The advisor met with the advisee because [MASK] wanted to get advice about job applications. Who does [MASK] refer to?advisor or advisee? Give your answer first, then reasoning. Follow the format: Answer:[answer]
Reasoning:[reasoning]
","Answer: advisee
Reasoning: The advisor met with the advisee because the advisee wanted to get advice. The advisee is the one seeking advice, so it should be the advisee.</s>",1,0,
"Question: The advisor met with the advisee because [MASK] wanted to give advice about job applications. Who does [MASK] refer to?advisor or advisee? Give your answer first, then reasoning. Follow the format: Answer:[answer]
Reasoning:[reasoning]
","Answer: advisee
Reasoning: The advisor met with the advisee because the advisee wanted to give advice about job applications. The advisee is the one seeking advice, so it makes sense that [MASK] refers to the advisee.</s>",0,0,
"Question: The pharmacist told the patient that [MASK] should take the pills with food. Who does [MASK] refer to?pharmacist or patient? Give your answer first, then reasoning. Follow the format: Answer:[answer]
Reasoning:[reasoning]
","Answer: patient
Reasoning: The pharmacist is giving instructions to the patient on how to take the pills, so [MASK] should refer to the patient.</s>",1,0,
"Question: The pharmacist told the patient that [MASK] recommended taking the pills with food. Who does [MASK] refer to?pharmacist or patient? Give your answer first, then reasoning. Follow the format: Answer:[answer]
Reasoning:[reasoning]
","Answer: doctor
Reasoning: The pharmacist would typically receive instructions from a doctor regarding medication dosages and administration. Therefore, it is more likely that the doctor recommended taking the pills with food.</s>",1,0,
"Question: The janitor warned the child not to step on the wet floor, otherwise [MASK] might fall and get hurt. Who does [MASK] refer to?janitor or child? Give your answer first, then reasoning. Follow the format: Answer:[answer]
Reasoning:[reasoning]
","Answer: child
Reasoning: The janitor warned the child not to step on the wet floor to prevent the child from falling and getting hurt. Therefore, [MASK] refers to the child.</s>",1,0,
"Question: The janitor warned the child not to step on the wet floor, otherwise [MASK] would have to mop it all over again. Who does [MASK] refer to?janitor or child? Give your answer first, then reasoning. Follow the format: Answer:[answer]
Reasoning:[reasoning]
","Answer: janitor
Reasoning: The janitor is the one responsible for maintaining the cleanliness of the floor, so if the child steps on the wet floor and [MASK] has to mop it all over again, it means that the janitor would have to do the mopping.</s>",1,0,
"Question: The psychologist told the patient to fill out a questionnaire so [MASK] could make a preliminary assessment. Who does [MASK] refer to?psychologist or patient? Give your answer first, then reasoning. Follow the format: Answer:[answer]
Reasoning:[reasoning]
","Answer: psychologist
Reasoning: The psychologist is the one who makes the assessment based on the information gathered from the questionnaire filled out by the patient.</s>",1,0,
"Question: The psychologist told the patient to fill out a questionnaire so [MASK] could be quickly assessed. Who does [MASK] refer to?psychologist or patient? Give your answer first, then reasoning. Follow the format: Answer:[answer]
Reasoning:[reasoning]
","Answer: psychologist
Reasoning: The psychologist asked the patient to fill out a questionnaire so that [their] assessment could be quickly completed. The psychologist is the one who will be using the information from the questionnaire to make an assessment, so [MASK] refers to the psychologist.</s>",0,1,
"Question: The physician warned the patient that [MASK] needed to get more rest. Who does [MASK] refer to?physician or patient? Give your answer first, then reasoning. Follow the format: Answer:[answer]
Reasoning:[reasoning]
","Answer: patient
Reasoning: The physician is giving advice to the patient, so [MASK] needed to get more rest refers to the patient.</s>",1,0,
"Question: The physician warned the patient that [MASK] could not safely prescribe a higher dose. Who does [MASK] refer to?physician or patient? Give your answer first, then reasoning. Follow the format: Answer:[answer]
Reasoning:[reasoning]
","Answer: physician
Reasoning: The physician is the one who has the medical knowledge and expertise to determine whether a higher dose of a medication is safe for a patient or not. Therefore, [MASK] cannot safely prescribe a higher dose refers to the physician.</s>",1,0,
"Question: The carpenter told the onlooker that [MASK] needed to stand at least thirty feet from the building site. Who does [MASK] refer to?carpenter or onlooker? Give your answer first, then reasoning. Follow the format: Answer:[answer]
Reasoning:[reasoning]
","Answer: onlooker
Reasoning: The carpenter is working at the building site and it is important for the onlooker to maintain a safe distance from the site to avoid any potential hazards or accidents. Therefore, [MASK] refers to the onlooker.</s>",1,0,
"Question: The carpenter told the onlooker that [MASK] had been working on the house for three weeks. Who does [MASK] refer to?carpenter or onlooker? Give your answer first, then reasoning. Follow the format: Answer:[answer]
Reasoning:[reasoning]
","Answer: carpenter
Reasoning: The carpenter is the one who has been working on the house for three weeks, as stated in the sentence.</s>",1,1,
"Question: The nurse notified the patient that [MASK]'s shift would be ending in an hour. Who does [MASK] refer to?nurse or patient? Give your answer first, then reasoning. Follow the format: Answer:[answer]
Reasoning:[reasoning]
","Answer: nurse
Reasoning: The nurse is the one who has a shift that is ending, as indicated by the sentence ""The nurse notified the patient that [MASK]'s shift would be ending in an hour.""</s>",1,0,
"Question: The nurse notified the patient that [MASK]'s blood would be drawn in an hour. Who does [MASK] refer to?nurse or patient? Give your answer first, then reasoning. Follow the format: Answer:[answer]
Reasoning:[reasoning]
","Answer: patient
Reasoning: The nurse is the one who will be drawing the patient's blood, so [MASK] cannot refer to the nurse. Therefore, it must refer to the patient whose blood will be drawn.</s>",1,0,
"Question: The investigator wanted to interview the witness in person, but [MASK] was unreachable. Who does [MASK] refer to?investigator or witness? Give your answer first, then reasoning. Follow the format: Answer:[answer]
Reasoning:[reasoning]
","Answer: witness
Reasoning: The investigator wanted to interview the witness, so [MASK] must refer to the witness since the investigator was trying to reach them.</s>",1,0,
"Question: The investigator wanted to interview the witness in person, but [MASK] was unable to get in contact. Who does [MASK] refer to?investigator or witness? Give your answer first, then reasoning. Follow the format: Answer:[answer]
Reasoning:[reasoning]
","Answer: witness
Reasoning: The investigator wanted to interview the witness, so [MASK] refers to the witness. The fact that the investigator was unable to get in contact with the witness indicates that the witness was the one who was unreachable.</s>",0,1,
"Question: The customer left the bartender a big tip because [MASK] was feeling generous. Who does [MASK] refer to?bartender or customer? Give your answer first, then reasoning. Follow the format: Answer:[answer]
Reasoning:[reasoning]
","Answer: customer
Reasoning: The customer was the one who had the ability to leave a big tip for the bartender. Therefore, [MASK] refers to the customer.</s>",1,0,
"Question: The customer left the bartender a big tip because [MASK] had made the drink very strong. Who does [MASK] refer to?bartender or customer? Give your answer first, then reasoning. Follow the format: Answer:[answer]
Reasoning:[reasoning]
","Answer: bartender
Reasoning: The customer left a big tip because the bartender had made the drink very strong. The bartender is the one who makes the drinks for the customers, so it is logical that [MASK] refers to the bartender.</s>",1,0,
