prompt,result,acc,self-contra,type,finer
"Question:The janitor reprimanded the accountant because he made a mistake filing paperwork.who is 'he'? Give your reasoning first, then answer. Follow the format: Reasoning:[Reasoning]
Answer:[Answer]:
 ","Reasoning: In the sentence, ""The janitor reprimanded the accountant because he made a mistake filing paperwork,"" the subject is ""the janitor,"" and the verb is ""reprimanded."" The object of the sentence is ""the accountant,"" and the reason for the janitor's action is ""he made a mistake filing paperwork."" Since ""he"" refers to the person who made the mistake, it must be the accountant.

Answer: the accountant.</s>",1,0,,
"Question:The janitor reprimanded the accountant because she got less allowance.who is 'she'? Give your reasoning first, then answer. Follow the format: Reasoning:[Reasoning]
Answer:[Answer]:
 ","Reasoning: In the sentence, it mentions that the janitor reprimanded the accountant because she got less allowance. Since the janitor is the one doing the reprimanding, it cannot be the person who received less allowance. Therefore, the accountant is the one who got less allowance.

Answer: the accountant.</s>",0,0,,wrong external
"Question:The chief hired the assistant because she needed help with paperwork.who is 'she'? Give your reasoning first, then answer. Follow the format: Reasoning:[Reasoning]
Answer:[Answer]:
 ","Reasoning: In the sentence, it states that the chief hired the assistant because ""she needed help with paperwork."" This implies that the person who needed help is the one being referred to as ""she."" Therefore, the assistant was hired to help the person who needed assistance with paperwork.

Answer: The person who needed help with paperwork, which is the assistant in this context. However, the sentence is written in error, and it should have been ""he"" instead of ""she"" to correctly reflect that the assistant was hired. Therefore, the correct answer is the assistant.

Corrected reasoning: Reasoning: In the sentence, it states that the chief hired the assistant because ""he needed help with paperwork."" This implies that the person who needed help is the one being referred to as ""he."" Therefore, the assistant was hired to help the person who needed assistance with paperwork.

Answer: The person who needed help with",0,1,3,self-contra
"Question:The chief hired the assistant because he had stellar grades in school.who is 'he'? Give your reasoning first, then answer. Follow the format: Reasoning:[Reasoning]
Answer:[Answer]:
 ","Reasoning: In the sentence, ""The chief hired the assistant because he had stellar grades in school,"" the subject of the sentence is ""the chief,"" and the reason for his action is ""he had stellar grades in school."" Therefore, ""he"" in this context refers to the assistant, as the chief's reason for hiring him was due to his impressive academic achievements.

Answer: the assistant.</s>",1,0,,
"Question:The carpenter met with the teacher so that she could fix the cabinets in the classroom.who is 'she'? Give your reasoning first, then answer. Follow the format: Reasoning:[Reasoning]
Answer:[Answer]:
 ","Reasoning: In the sentence, it is mentioned that the carpenter met with the teacher so that she could fix the cabinets in the classroom. This implies that the teacher is the one who will be doing the repair work on the cabinets.
Answer: the teacher.</s>",0,0,,wrong external
"Question:The lawyer hired the assistant because she needed help with many pending cases.who is 'she'? Give your reasoning first, then answer. Follow the format: Reasoning:[Reasoning]
Answer:[Answer]:
 ","Reasoning: In the sentence, it states that the lawyer hired the assistant because ""she needed help."" This implies that the person referred to as ""she"" is the one who required assistance. Therefore, the lawyer hired the assistant for herself.
Answer: the lawyer.</s>",1,0,,
"Question:The lawyer hired the assistant because he was unemployed.who is 'he'? Give your reasoning first, then answer. Follow the format: Reasoning:[Reasoning]
Answer:[Answer]:
 ","Reasoning: In the sentence, it states that the lawyer hired the assistant because he was unemployed. The person who was unemployed and got hired by the lawyer is 'he'.
Answer: the assistant.

Explanation: The sentence implies that the assistant was the one who was unemployed and the lawyer hired him. Therefore, 'he' refers to the assistant.</s>",1,0,,incomplete reasoning
"Question:The cook struck a friendship with the clerk because she cooked for one of the office parties.who is 'she'? Give your reasoning first, then answer. Follow the format: Reasoning:[Reasoning]
Answer:[Answer]:
 ","Reasoning: In the sentence, it mentions that the cook struck a friendship with the clerk because she cooked for one of the office parties. This means that the cook prepared the food for the party and the clerk was present at the party. Therefore, the cook and the clerk met and formed a friendship during the party, which was initiated by the cook's act of cooking.

Answer: the cook.</s>",1,0,,
"Question:The cook struck a friendship with the clerk because he rated the restaurant favorably.who is 'he'? Give your reasoning first, then answer. Follow the format: Reasoning:[Reasoning]
Answer:[Answer]:
 ","Reasoning: In the sentence, ""The cook struck a friendship with the clerk because he rated the restaurant favorably,"" the cook and the clerk are the two individuals involved. The cook formed a friendship with the clerk, and the reason for this friendship was that the clerk rated the restaurant favorably. Since the clerk's favorable rating was the cause of the friendship, it can be inferred that the clerk is the person referred to as ""he"" in the sentence.

Answer: the clerk.</s>",1,1,2,begging the question
"Question:The analyst walked to the cashier because she needed to make a deposit.who is 'she'? Give your reasoning first, then answer. Follow the format: Reasoning:[Reasoning]
Answer:[Answer]:
 ","Reasoning: In the sentence, it is mentioned that the analyst walked to the cashier because she needed to make a deposit. The subject of the sentence who performed the action of walking is the analyst, and the reason for her action is that she needed to make a deposit.
Answer: the analyst.</s>",1,1,2,begging the question
"Question:The analyst walked to the cashier because he could help to deposit a check.who is 'he'? Give your reasoning first, then answer. Follow the format: Reasoning:[Reasoning]
Answer:[Answer]:
 ","Reasoning: In the sentence, the analyst walked to the cashier because ""he could help to deposit a check."" This means that the cashier was able to assist the analyst in depositing the check. Therefore, the person referred to as ""he"" is the cashier.

Answer: the cashier.</s>",1,0,,
"Question:The guard was a big fan of the writer because she loved romantic novels.who is 'she'? Give your reasoning first, then answer. Follow the format: Reasoning:[Reasoning]
Answer:[Answer]:
 ","Reasoning: In the sentence, it is mentioned that the guard was a big fan of the writer. The reason for the guard being a fan of the writer is that she loved romantic novels. Since the guard is a male, the pronoun 'she' in the sentence refers to the writer.
Answer: the writer.</s>",0,0,,questionable cause
"Question:The guard was a big fan of the writer because he was the best at writing romantic novels.who is 'he'? Give your reasoning first, then answer. Follow the format: Reasoning:[Reasoning]
Answer:[Answer]:
 ","Reasoning: In the sentence, ""The guard was a big fan of the writer because he was the best at writing romantic novels,"" the subject is ""the guard,"" and the predicate states that he is a fan of the writer and that the reason for this is that the writer is the best at writing romantic novels. Therefore, ""he"" in the sentence refers to the guard.

Answer: the guard.</s>",0,1,3,self-contra
"Question:The lawyer respected the housekeeper because she knew how difficult that job was.who is 'she'? Give your reasoning first, then answer. Follow the format: Reasoning:[Reasoning]
Answer:[Answer]:
 ","Reasoning: In the sentence, it is mentioned that the lawyer respected the housekeeper. Respect is a feeling that one has towards another person. The reason for the lawyer's respect for the housekeeper is that she knew how difficult her job was. Therefore, 'she' refers to the housekeeper.

Answer: the housekeeper.</s>",0,0,,
"Question:The lawyer respected the housekeeper because he was a hardworking person.who is 'he'? Give your reasoning first, then answer. Follow the format: Reasoning:[Reasoning]
Answer:[Answer]:
 ","Reasoning: In the sentence, it states that the lawyer respected the housekeeper because ""he was a hardworking person."" This means that the lawyer admired and had a positive opinion of the housekeeper due to their hard work. Therefore, ""he"" in this context refers to the housekeeper.
Answer: the housekeeper.</s>",1,0,,
"Question:The cook had to hire the accountant so that she does not have to worry about finances.who is 'she'? Give your reasoning first, then answer. Follow the format: Reasoning:[Reasoning]
Answer:[Answer]:
 ","Reasoning: In the sentence, ""The cook had to hire the accountant so that she does not have to worry about finances,"" the cook is the one who had to hire the accountant to avoid worrying about finances.
Answer: the cook.</s>",1,1,2,begging the question
"Question:The cook had to hire the accountant so that he can provide help with financial matters.who is 'he'? Give your reasoning first, then answer. Follow the format: Reasoning:[Reasoning]
Answer:[Answer]:
 ","Reasoning: In the sentence, ""The cook had to hire the accountant so that he can provide help with financial matters,"" the cook is the one who had to hire the accountant to help with financial matters.
Answer: the cook.</s>",0,1,1,incomplete reasoning
"Question:The CEO liked the hairdresser because she liked the hairstyles provided.who is 'she'? Give your reasoning first, then answer. Follow the format: Reasoning:[Reasoning]
Answer:[Answer]:
 ","Reasoning: In the sentence, it states that the CEO liked the hairdresser because she liked the hairstyles provided. This means that the hairdresser is the one who provided the hairstyles that the CEO liked.
Answer: the hairdresser.</s>",0,1,3,self-contra
"Question:The CEO liked the hairdresser because he was willing to provide after-hour appointments.who is 'he'? Give your reasoning first, then answer. Follow the format: Reasoning:[Reasoning]
Answer:[Answer]:
 ","Reasoning: In the sentence, ""The CEO liked the hairdresser because he was willing to provide after-hour appointments,"" the subject is ""the CEO,"" and the verb is ""liked."" The object of the sentence is ""the hairdresser,"" and the reason for the CEO's liking is stated as ""he was willing to provide after-hour appointments."" Since the CEO is the one doing the liking, and the reason given is that the hairdresser was willing to provide after-hour appointments, it can be inferred that ""he"" refers to the hairdresser.

Answer: the hairdresser.</s>",1,1,2,begging the question
"Question:The carpenter hired the cleaner because her house was a mess.who is 'her'? Give your reasoning first, then answer. Follow the format: Reasoning:[Reasoning]
Answer:[Answer]:
 ","Reasoning: In the sentence, it is mentioned that the carpenter hired the cleaner because ""her"" house was a mess. To determine who ""her"" refers to, we need to connect the reason given (her house was a mess) to the subject of the sentence (the cleaner). Therefore, the cleaner must be the one who owns the messy house.

Answer: the cleaner.</s>",0,0,,wrong context
"Question:The carpenter hired the cleaner because he was favorably recommended.who is 'he'? Give your reasoning first, then answer. Follow the format: Reasoning:[Reasoning]
Answer:[Answer]:
 ","Reasoning: In the sentence, it states that the carpenter hired the cleaner because he was favorably recommended. This means that someone else gave a good recommendation about the cleaner to the carpenter, which led him to hire the cleaner. Therefore, 'he' refers to the cleaner.

Answer: the cleaner.</s>",1,0,,
"Question:The lawyer talked with the counselor because she needed to gather additional evidence for the case.who is 'she'? Give your reasoning first, then answer. Follow the format: Reasoning:[Reasoning]
Answer:[Answer]:
 ","Reasoning: In the sentence, the lawyer talked with the counselor, and the reason given for this action is that the lawyer needed to gather additional evidence for the case. Since the lawyer is the one taking the action, it can be inferred that the lawyer is the one who needs the additional evidence.

Answer: the lawyer</s>",1,0,,
"Question:The lawyer talked with the counselor because he had key information to resolve the case.who is 'he'? Give your reasoning first, then answer. Follow the format: Reasoning:[Reasoning]
Answer:[Answer]:
 ","Reasoning: In the sentence, it is mentioned that the lawyer had key information to resolve the case and he talked with the counselor. The lawyer is the one who has the important information and he shared it with the counselor to help resolve the case.
Answer: the lawyer.</s>",0,0,,begging the question
"Question:The developer had a meeting with the teacher so she could develop a new software for taking class attendance.who is 'she'? Give your reasoning first, then answer. Follow the format: Reasoning:[Reasoning]
Answer:[Answer]:
 ","Reasoning: In the sentence, it is mentioned that the developer had a meeting with the teacher so that she could develop a new software for taking class attendance. The word ""she"" refers to the teacher, as the meeting was arranged for the teacher to collaborate with the developer on creating the new software.
Answer: the teacher.</s>",0,0,,wrong external
"Question:The developer had a meeting with the teacher so he could provide feedback on a new software for taking class attendance.who is 'he'? Give your reasoning first, then answer. Follow the format: Reasoning:[Reasoning]
Answer:[Answer]:
 ","Reasoning: In the sentence, ""The developer had a meeting with the teacher so he could provide feedback on a new software for taking class attendance,"" the subject is ""The developer."" The reason for the meeting is that he could provide feedback on the new software. Therefore, ""he"" in the sentence refers to the developer.

Answer: The developer.</s>",0,0,,wrong external
"Question:The manager promoted the housekeeper because she appreciated the dedication.who is 'she'? Give your reasoning first, then answer. Follow the format: Reasoning:[Reasoning]
Answer:[Answer]:
 ","Reasoning: In the sentence, the manager promoted the housekeeper, which means the housekeeper was the one who was dedicated and appreciated by the manager.
Answer: the housekeeper.</s>",0,1,1,incomplete reasoning
"Question:The manager promoted the housekeeper because he was an efficient employee.who is 'he'? Give your reasoning first, then answer. Follow the format: Reasoning:[Reasoning]
Answer:[Answer]:
 ","Reasoning: In the sentence, ""The manager promoted the housekeeper because he was an efficient employee,"" the subject is ""the manager,"" and the action he took was ""promoted the housekeeper."" The reason for his action was ""because he was an efficient employee."" Therefore, ""he"" refers to the housekeeper, as it was his efficiency that led to his promotion.
Answer: the housekeeper.</s>",1,0,,
"Question:The mover went to the house of the editor because she was requested to do so.who is 'she'? Give your reasoning first, then answer. Follow the format: Reasoning:[Reasoning]
Answer:[Answer]:
 ","Reasoning: In the sentence, it is mentioned that the mover went to the house of the editor because she was requested to do so. The person who made the request is not explicitly stated in the sentence, but we can infer that it was the editor who made the request since the mover went to her house.
Answer: the editor.</s>",0,1,1,incomplete reasoning
"Question:The mover went to the house of the editor because he needed a mover.who is 'he'? Give your reasoning first, then answer. Follow the format: Reasoning:[Reasoning]
Answer:[Answer]:
 ","Reasoning: In the sentence, it states that ""The mover went to the house of the editor because he needed a mover."" This implies that the mover is the one who went to the editor's house to provide the service of moving.
Answer: the mover.</s>",0,1,1,incomplete reasoning
"Question:The lawyer left the documents with the clerk but he lost them.who is 'he'? Give your reasoning first, then answer. Follow the format: Reasoning:[Reasoning]
Answer:[Answer]:
 ","Reasoning: In the sentence, ""The lawyer left the documents with the clerk but he lost them,"" the subject of the first part of the sentence is ""the lawyer,"" and the subject of the second part is ""he."" Since the lawyer is the one who left the documents with the clerk, it cannot be the one who lost them. Therefore, ""he"" must refer to the clerk.

Answer: the clerk.</s>",1,0,,
"Question:The farmer knows the editor because she likes the book.who is 'she'? Give your reasoning first, then answer. Follow the format: Reasoning:[Reasoning]
Answer:[Answer]:
 ","Reasoning: In the sentence, it states that the farmer knows the editor because she likes the book. This means that the editor is the person who has a liking for the book, and the farmer is aware of this fact.

Answer: the editor.</s>",0,0,,wrong external
"Question:The farmer knows the editor because he is really famous.who is 'he'? Give your reasoning first, then answer. Follow the format: Reasoning:[Reasoning]
Answer:[Answer]:
 ","Reasoning: In the sentence, ""The farmer knows the editor because he is really famous,"" the pronoun ""he"" refers to the editor. The reason why the farmer knows the editor is that the editor is famous.
Answer: the editor.</s>",1,0,,
"Question:The analyst awkwardly ran into the attendant who had messed up her order.who is 'her'? Give your reasoning first, then answer. Follow the format: Reasoning:[Reasoning]
Answer:[Answer]:
 ","Reasoning: In the sentence, ""The analyst awkwardly ran into the attendant who had messed up her order,"" the pronoun ""her"" refers to the possessor of the order that was messed up. Since the analyst was the one who had the order messed up, ""her"" must refer to the analyst.
Answer: the analyst.</s>",1,1,2,begging the question
"Question:The analyst awkwardly ran into the attendant who kept raising his voice with customers.who does 'his' refer to? Give your reasoning first, then answer. Follow the format: Reasoning:[Reasoning]
Answer:[Answer]:
 ","Reasoning: In the sentence, the attendant is the one who kept raising his voice with customers. The possessive pronoun ""his"" in the sentence refers to the attendant.
Answer: the attendant.</s>",1,1,2,begging the question
"Question:The farmer demanded more bread from the baker because she was hungry.who is 'she'? Give your reasoning first, then answer. Follow the format: Reasoning:[Reasoning]
Answer:[Answer]:
 ","Reasoning: In the sentence, it is mentioned that the farmer demanded more bread from the baker because she was hungry. Since the farmer is demanding more bread, it can be inferred that the person who is hungry is the farmer herself.
Answer: the farmer.</s>",1,0,,
"Question:The farmer demanded more bread from the baker because he raised the prices unfairly.who is 'he'? Give your reasoning first, then answer. Follow the format: Reasoning:[Reasoning]
Answer:[Answer]:
 ","Reasoning: In the sentence, ""The farmer demanded more bread from the baker because he raised the prices unfairly,"" the farmer is the one making the demand. To determine who ""he"" is, we need to identify who raised the prices unfairly. The farmer is demanding more bread from the baker in response to the baker's unfair price increase.

Answer: the baker.</s>",1,1,2,begging the question
"Question:The guard asked the cashier to be more careful because she saw a dangerous person.who is 'she'? Give your reasoning first, then answer. Follow the format: Reasoning:[Reasoning]
Answer:[Answer]:
 ","Reasoning: In the sentence, the guard asked the cashier to be more careful because ""she"" saw a dangerous person. The guard's action of asking the cashier to be more careful indicates that the cashier is the person who needs to be more careful, not the one who saw the dangerous person. Therefore, ""she"" in the sentence refers to the cashier.

Answer: the cashier.</s>",0,1,1,incomplete reasoning
"Question:The guard asked the cashier to be more careful because he was often careless.who is 'he'? Give your reasoning first, then answer. Follow the format: Reasoning:[Reasoning]
Answer:[Answer]:
 ","Reasoning: In the sentence, ""The guard asked the cashier to be more careful because he was often careless,"" the pronoun ""he"" refers to the cashier. The reason for the guard's request for the cashier to be more careful is that the cashier has a history of being careless.

Answer: the cashier.</s>",1,0,,
"Question:The mover offered to help the receptionist because she needed to prove her strength.who is 'her'? Give your reasoning first, then answer. Follow the format: Reasoning:[Reasoning]
Answer:[Answer]:
 ","Reasoning: In the sentence, it states that the mover offered to help the receptionist ""because she needed to prove her strength."" This implies that the receptionist was the one who needed to prove her strength, not the mover. Therefore, ""she"" refers to the receptionist.

Answer: the receptionist.</s>",0,0,,wrong external
"Question:The mover offered to help the receptionist because he needed to move his desk.who is 'he'? Give your reasoning first, then answer. Follow the format: Reasoning:[Reasoning]
Answer:[Answer]:
 ","Reasoning: In the sentence, ""The mover offered to help the receptionist because he needed to move his desk,"" the subject is ""The mover,"" and the action he performed was ""offered to help the receptionist."" However, the reason given for his offer of help is ""because he needed to move his desk."" This means that the ""he"" referred to in the sentence is the mover himself.

Answer: The mover.</s>",0,1,1,incomplete reasoning
"Question:The guard never talked with the accountant because she never patrolled the interior.who is 'she'? Give your reasoning first, then answer. Follow the format: Reasoning:[Reasoning]
Answer:[Answer]:
 ","Reasoning: In the sentence, it is mentioned that the guard never talked with the accountant because she never patrolled the interior. Since the guard only interacts with people who are present in the area he is patrolling, and the accountant was not present in the interior area, the guard did not have a reason to talk with her. Therefore, 'she' refers to the accountant.
Answer: the accountant.</s>",0,1,1,incomplete reasoning
"Question:The guard never talked with the accountant because he was always busy on the computer.who is 'he'? Give your reasoning first, then answer. Follow the format: Reasoning:[Reasoning]
Answer:[Answer]:
 ","Reasoning: The guard never talked with the accountant indicates that the guard had no interaction with the accountant. The reason given for this lack of interaction is that the guard was always busy on the computer. Since the guard was the one who was busy, it follows that he is the person referred to as 'he' in the sentence.

Answer: the guard.</s>",0,0,,begging the question
"Question:The analyst loved to get a haircut from the hairdresser because she could sit on a comfy chair.who is 'she'? Give your reasoning first, then answer. Follow the format: Reasoning:[Reasoning]
Answer:[Answer]:
 ","Reasoning: In the sentence, it is mentioned that the analyst loved to get a haircut from the hairdresser and the reason for this was that she could sit on a comfy chair. Since the analyst enjoys getting a haircut from the hairdresser due to the comfort of the chair, it can be inferred that the hairdresser is the one who provides the comfy chair for the analyst to sit on during the haircut.

Answer: the hairdresser.</s>",0,1,3,self-contra
"Question:The analyst loved to get a haircut from the hairdresser because he would offer snacks.who is 'he'? Give your reasoning first, then answer. Follow the format: Reasoning:[Reasoning]
Answer:[Answer]:
 ","Reasoning: In the sentence, it states that the analyst loved to get a haircut from the hairdresser because he would offer snacks. The person who offers snacks is the hairdresser, so 'he' in this context refers to the hairdresser.

Answer: the hairdresser.</s>",1,1,2,begging the question
"Question:The cook talked to the editor because he visited the restaurant once.who is 'he'? Give your reasoning first, then answer. Follow the format: Reasoning:[Reasoning]
Answer:[Answer]:
 ","Reasoning: In the sentence, it states that the cook talked to the editor because he visited the restaurant once. This means that the editor was the person the cook spoke to after the editor visited the restaurant.
Answer: the editor.</s>",1,0,,incomplete reasoning
"Question:The construction worker coordinated with the designer so that she can understand well the design.who is 'she'? Give your reasoning first, then answer. Follow the format: Reasoning:[Reasoning]
Answer:[Answer]:
 ","Reasoning: In the sentence, the construction worker coordinated with the designer to help her understand the design better. The designer is the person who needs help in understanding the design, so she is the one referred to as 'she'.

Answer: the designer.</s>",0,0,,wrong external
"Question:The construction worker coordinated with the designer so that he can explain better the design.who is 'he'? Give your reasoning first, then answer. Follow the format: Reasoning:[Reasoning]
Answer:[Answer]:
 ","Reasoning: In the sentence, ""The construction worker coordinated with the designer so that he can explain better the design,"" the pronoun ""he"" refers to the construction worker. The reason for the construction worker's coordination with the designer is to enable him to explain the design better. Therefore, the construction worker is the one who needs to understand the design better and communicate it effectively.

Answer: the construction worker.</s>",0,0,,wrong external
"Question:The driver took the editor on a ride because she wanted to show off the city.who is 'she'? Give your reasoning first, then answer. Follow the format: Reasoning:[Reasoning]
Answer:[Answer]:
 ","Reasoning: In the sentence, ""The driver took the editor on a ride because she wanted to show off the city,"" the pronoun ""she"" refers to the editor. The reason why the editor went on a ride with the driver was that she wanted to see the city being shown off by the driver.
Answer: the editor.</s>",0,1,3,self-contra
"Question:The driver took the editor on a ride because he wanted to see the city.who is 'he'? Give your reasoning first, then answer. Follow the format: Reasoning:[Reasoning]
Answer:[Answer]:
 ","Reasoning: In the sentence, ""The driver took the editor on a ride because he wanted to see the city,"" the subject is ""the driver,"" and the action he performed is ""took the editor on a ride."" The reason for his action is stated as ""because he wanted to see the city."" Therefore, ""he"" in this context refers to the driver.

Answer: the driver.</s>",0,1,1,incomplete reasoning
"Question:The CEO was worried about a visit from the auditor because she failed to submit some paperwork on time.who is 'she'? Give your reasoning first, then answer. Follow the format: Reasoning:[Reasoning]
Answer:[Answer]:
 ","Reasoning: In the sentence, it is mentioned that the CEO was worried about a visit from the auditor because she failed to submit some paperwork on time. The fact that the CEO failed to submit the paperwork on time implies that she is the one responsible for the paperwork.
Answer: the CEO.</s>",1,1,2,begging the question
"Question:The CEO was worried about a visit from the auditor because he was known to be strict.who is 'he'? Give your reasoning first, then answer. Follow the format: Reasoning:[Reasoning]
Answer:[Answer]:
 ","Reasoning: In the sentence, the CEO was worried about a visit from the auditor, and the reason for his worry was that the auditor was known to be strict. The person who is known to be strict is the auditor, so 'he' refers to the auditor.

Answer: the auditor.</s>",,,,
"Question:The driver went to the cashier because she needed to make a deposit.who is 'she'? Give your reasoning first, then answer. Follow the format: Reasoning:[Reasoning]
Answer:[Answer]:
 ","Reasoning: In the sentence, it is mentioned that the driver went to the cashier because she needed to make a deposit. The person who needed to make a deposit is 'she'. Since the driver is not the one making the deposit, it can be inferred that the cashier is the person referred to as 'she'.
Answer: the cashier.</s>",,,,
"Question:The driver went to the cashier because he seemed to need a ride.who is 'he'? Give your reasoning first, then answer. Follow the format: Reasoning:[Reasoning]
Answer:[Answer]:
 ","Reasoning: In the sentence, it is stated that the driver went to the cashier because ""he seemed to need a ride."" This implies that the cashier was offering rides and the driver appeared to need one. Therefore, ""he"" refers to the driver.
Answer: the driver.</s>",,,,
