"Question:The janitor reprimanded the accountant because he made a mistake filing paperwork.who is 'he'? Give your reasoning first, then answer. Follow the format: Reasoning:[Reasoning]
Answer:[Answer]:
 ","Reasoning: In the given sentence, the pronoun ""he"" is used to refer to the person who made a mistake filing paperwork. The sentence mentions two individuals: the janitor and the accountant. Typically, filing paperwork is a task associated with an accountant's job responsibilities, not a janitor's. Therefore, it is more likely that the accountant made the mistake while filing paperwork, and the janitor reprimanded him for this error.

Answer: In the sentence ""The janitor reprimanded the accountant because he made a mistake filing paperwork,"" the pronoun ""he"" refers to the accountant.",1,0,,
"Question:The janitor reprimanded the accountant because she got less allowance.who is 'she'? Give your reasoning first, then answer. Follow the format: Reasoning:[Reasoning]
Answer:[Answer]:
 ","Reasoning: In the given sentence, there are two female individuals mentioned: the janitor and the accountant. To determine who ""she"" refers to, we need to look at the context and the relationship between the individuals. It is unlikely that a janitor would have the authority to reprimand an accountant, as an accountant typically holds a higher position in a company hierarchy. Additionally, the phrase ""she got less allowance"" suggests that the person receiving the allowance is in a subordinate position, which is more likely to be the janitor.

Answer: In the sentence ""The janitor reprimanded the accountant because she got less allowance,"" the pronoun ""she"" most likely refers to the janitor.",1,1,,wrong context knowledge
"Question:The chief hired the assistant because she needed help with paperwork.who is 'she'? Give your reasoning first, then answer. Follow the format: Reasoning:[Reasoning]
Answer:[Answer]:
 ","Reasoning: In the given sentence, ""The chief hired the assistant because she needed help with paperwork,"" the pronoun ""she"" is used to refer to someone who needed help with paperwork. The sentence mentions two individuals: the chief and the assistant. Since the chief is the one doing the hiring, it is more likely that the assistant is the one who needed help with paperwork, and the chief recognized this need and hired the assistant to address it.

Answer: In the sentence ""The chief hired the assistant because she needed help with paperwork,"" the pronoun ""she"" most likely refers to the chief.",1,0,,
"Question:The chief hired the assistant because he had stellar grades in school.who is 'he'? Give your reasoning first, then answer. Follow the format: Reasoning:[Reasoning]
Answer:[Answer]:
 ","Reasoning: In the given sentence, there are two male subjects mentioned: ""the chief"" and ""the assistant"". The pronoun ""he"" is used to refer to one of them. To determine who ""he"" refers to, we need to look at the context and the structure of the sentence. The sentence states that the chief hired the assistant because of a specific reason - the person referred to as ""he"" had stellar grades in school. This reason is more likely to be associated with the person being hired (the assistant) rather than the person doing the hiring (the chief).

Answer: In the sentence ""The chief hired the assistant because he had stellar grades in school,"" the pronoun ""he"" refers to the assistant.",1,1,,wrong context knowledge
"Question:The carpenter met with the teacher so that she could fix the cabinets in the classroom.who is 'she'? Give your reasoning first, then answer. Follow the format: Reasoning:[Reasoning]
Answer:[Answer]:
 ","Reasoning: In the given sentence, there are two female individuals mentioned: the carpenter and the teacher. To determine who ""she"" refers to, we need to look at the context and the structure of the sentence. The phrase ""so that she could fix the cabinets in the classroom"" is the key to identifying the correct referent. This phrase suggests that ""she"" is the one who will be fixing the cabinets. Since carpenters are typically skilled in woodworking and fixing cabinets, it is more likely that ""she"" refers to the carpenter rather than the teacher.

Answer: In the sentence ""The carpenter met with the teacher so that she could fix the cabinets in the classroom,"" the pronoun ""she"" refers to the carpenter.",1,1,,wrong context knowledge
"Question:The lawyer hired the assistant because she needed help with many pending cases.who is 'she'? Give your reasoning first, then answer. Follow the format: Reasoning:[Reasoning]
Answer:[Answer]:
 ","Reasoning: In the given sentence, ""The lawyer hired the assistant because she needed help with many pending cases,"" the pronoun ""she"" is used to refer to someone who needed help with many pending cases. Since the lawyer is the one who hired the assistant, it is likely that the lawyer is the one with many pending cases and in need of assistance.

Answer: In the sentence ""The lawyer hired the assistant because she needed help with many pending cases,"" the pronoun ""she"" refers to the lawyer.",1,0,,
"Question:The lawyer hired the assistant because he was unemployed.who is 'he'? Give your reasoning first, then answer. Follow the format: Reasoning:[Reasoning]
Answer:[Answer]:
 ","Reasoning:
In the given sentence, ""The lawyer hired the assistant because he was unemployed,"" the pronoun ""he"" is ambiguous and could refer to either the lawyer or the assistant. However, the more likely interpretation is that ""he"" refers to the assistant. This is because the subordinate clause ""because he was unemployed"" provides the reason for the action in the main clause. It is more plausible that the lawyer hired the assistant due to the assistant's unemployment rather than the lawyer's own unemployment.

Answer:
In the sentence ""The lawyer hired the assistant because he was unemployed,"" the pronoun ""he"" most likely refers to the assistant.",1,0,,
"Question:The cook struck a friendship with the clerk because she cooked for one of the office parties.who is 'she'? Give your reasoning first, then answer. Follow the format: Reasoning:[Reasoning]
Answer:[Answer]:
 ","Reasoning: In the given sentence, the pronoun ""she"" is used to refer to a person who cooked for one of the office parties. The sentence mentions two individuals: the cook and the clerk. Since the cook is the one with the cooking skills and is more likely to prepare food for an office party, it is reasonable to infer that ""she"" refers to the cook.

Answer: In the sentence ""The cook struck a friendship with the clerk because she cooked for one of the office parties,"" the pronoun ""she"" refers to the cook.",1,0,,
"Question:The cook struck a friendship with the clerk because he rated the restaurant favorably.who is 'he'? Give your reasoning first, then answer. Follow the format: Reasoning:[Reasoning]
Answer:[Answer]:
 ","Reasoning: In the given sentence, there are two masculine subjects mentioned: the cook and the clerk. To determine who ""he"" refers to, we need to look at the context and the structure of the sentence. The word ""because"" introduces a subordinate clause that provides the reason for the main clause. In this case, the main clause is ""The cook struck a friendship with the clerk."" The subordinate clause, ""he rated the restaurant favorably,"" explains why the cook befriended the clerk. Since the pronoun ""he"" is used in the subordinate clause, it should refer to the subject that is not mentioned in the main clause, which is the clerk.

Answer: In the sentence ""The cook struck a friendship with the clerk because he rated the restaurant favorably,"" the pronoun ""he"" refers to the clerk.",1,1,,wrong context knowledge&questionable cause
"Question:The analyst walked to the cashier because she needed to make a deposit.who is 'she'? Give your reasoning first, then answer. Follow the format: Reasoning:[Reasoning]
Answer:[Answer]:
 ","Reasoning: In the given sentence, the pronoun ""she"" is used to refer to a previously mentioned noun. The sentence mentions two entities: ""the analyst"" and ""the cashier."" Since the analyst is the one performing the action of walking to the cashier, and the pronoun ""she"" is used to refer to the person who needed to make a deposit, it is clear that ""she"" refers to the analyst.

Answer: In the sentence ""The analyst walked to the cashier because she needed to make a deposit,"" the pronoun ""she"" refers to the analyst.",1,1,,wrong context knowledge&questionable cause
"Question:The analyst walked to the cashier because he could help to deposit a check.who is 'he'? Give your reasoning first, then answer. Follow the format: Reasoning:[Reasoning]
Answer:[Answer]:
 ","Reasoning: In the given sentence, there are two male entities mentioned: the analyst and the cashier. The pronoun ""he"" is used to refer to one of them. To determine which one ""he"" refers to, we need to look at the context and the structure of the sentence.

The sentence states that the analyst walked to the cashier because ""he"" could help to deposit a check. This implies that the person who could help deposit the check is the reason for the analyst's action. It would be logical to assume that the cashier, who typically handles financial transactions, is the one who could assist with depositing the check.

Answer: In the given sentence, ""he"" most likely refers to the cashier. The analyst walked to the cashier because the cashier could help the analyst deposit a check.",1,0,,
"Question:The guard was a big fan of the writer because she loved romantic novels.who is 'she'? Give your reasoning first, then answer. Follow the format: Reasoning:[Reasoning]
Answer:[Answer]:
 ","Reasoning: In the given sentence, there are two female entities mentioned: the guard and the writer. To determine who ""she"" refers to, we need to look at the context and the structure of the sentence. The word ""because"" is used to introduce a reason or explanation for the preceding statement. In this case, the reason for the guard being a big fan of the writer is that ""she loved romantic novels."" Since the loving of romantic novels is the reason for being a fan, ""she"" most likely refers to the guard.

Answer: In the sentence ""The guard was a big fan of the writer because she loved romantic novels,"" the pronoun ""she"" refers to the guard.",1,1,,wrong context knowledge
"Question:The guard was a big fan of the writer because he was the best at writing romantic novels.who is 'he'? Give your reasoning first, then answer. Follow the format: Reasoning:[Reasoning]
Answer:[Answer]:
 ","Reasoning:
In the given sentence, there are two male subjects mentioned: the guard and the writer. The pronoun ""he"" is used to refer to one of them. To determine which one ""he"" refers to, we need to look at the context and the structure of the sentence.

The sentence states that the guard was a big fan of the writer, which implies that the writer is the one being admired for his skill in writing romantic novels. The phrase ""because he was the best at writing romantic novels"" is a subordinate clause that provides the reason for the guard's admiration. In this subordinate clause, ""he"" most likely refers to the writer, as it is directly linked to the skill of writing romantic novels.

Answer:
In the sentence ""The guard was a big fan of the writer because he was the best at writing romantic novels,"" the pronoun ""he"" refers to the writer.",1,1,,wrong context knowledge
"Question:The lawyer respected the housekeeper because she knew how difficult that job was.who is 'she'? Give your reasoning first, then answer. Follow the format: Reasoning:[Reasoning]
Answer:[Answer]:
 ","Reasoning: In the given sentence, the pronoun ""she"" is used to refer to someone who knows how difficult the job of a housekeeper is. The sentence mentions two individuals: the lawyer and the housekeeper. Since the lawyer is the subject of the sentence and is showing respect to the housekeeper, it is more likely that the lawyer is the one who understands the difficulty of the housekeeper's job. Therefore, ""she"" most probably refers to the lawyer.

Answer: In the sentence ""The lawyer respected the housekeeper because she knew how difficult that job was,"" the pronoun ""she"" refers to the lawyer.",1,0,,
"Question:The lawyer respected the housekeeper because he was a hardworking person.who is 'he'? Give your reasoning first, then answer. Follow the format: Reasoning:[Reasoning]
Answer:[Answer]:
 ","Reasoning: In the given sentence, ""The lawyer respected the housekeeper because he was a hardworking person,"" the pronoun ""he"" is used to refer back to one of the two mentioned individuals: the lawyer or the housekeeper. To determine who ""he"" refers to, we need to look at the context and the structure of the sentence.

The word ""because"" introduces a subordinate clause that provides the reason for the lawyer's respect towards the housekeeper. The pronoun ""he"" in this subordinate clause refers to the person being described as hardworking. It is more likely that the housekeeper, rather than the lawyer, is being referred to as hardworking in this context, as the lawyer's respect is directed towards the housekeeper.

Answer: In the sentence ""The lawyer respected the housekeeper because he was a hardworking person,"" the pronoun ""he"" refers to the housekeeper. The",1,0,,
"Question:The cook had to hire the accountant so that she does not have to worry about finances.who is 'she'? Give your reasoning first, then answer. Follow the format: Reasoning:[Reasoning]
Answer:[Answer]:
 ","Reasoning: In the given sentence, the pronoun ""she"" is used to refer to a person who does not want to worry about finances and hence hires an accountant. The sentence mentions two individuals: the cook and the accountant. Since the accountant is hired by the other person, it is clear that ""she"" refers to the cook. The cook is the one who takes the action of hiring the accountant to avoid worrying about financial matters.

Answer: In the given sentence, ""she"" refers to the cook.",1,0,,
"Question:The cook had to hire the accountant so that he can provide help with financial matters.who is 'he'? Give your reasoning first, then answer. Follow the format: Reasoning:[Reasoning]
Answer:[Answer]:
 ","Reasoning: In the given sentence, the pronoun ""he"" is used to refer back to a previously mentioned noun. There are two singular masculine nouns mentioned before the pronoun: ""the cook"" and ""the accountant."" To determine which one ""he"" refers to, we need to look at the context and the structure of the sentence.

The sentence states that the cook had to hire the accountant for a specific purpose, which is to provide help with financial matters. It is more logical that the accountant, who is hired for their expertise in financial matters, would be the one providing the help, rather than the cook needing help with his own financial matters.

Answer: In the sentence ""The cook had to hire the accountant so that he can provide help with financial matters,"" the pronoun ""he"" refers to the accountant, not the cook.",1,1,,wrong context knowledge
"Question:The CEO liked the hairdresser because she liked the hairstyles provided.who is 'she'? Give your reasoning first, then answer. Follow the format: Reasoning:[Reasoning]
Answer:[Answer]:
 ","Reasoning: In the given sentence, there are two females mentioned: the CEO and the hairdresser. The pronoun ""she"" is used to refer to one of them. To determine which one ""she"" refers to, we need to look at the context and structure of the sentence. The sentence states that the CEO liked the hairdresser because of a specific reason - the hairstyles provided. It is more likely that the person who likes the hairstyles is the one receiving them (the CEO) rather than the one providing them (the hairdresser).

Answer: In the sentence ""The CEO liked the hairdresser because she liked the hairstyles provided,"" the pronoun ""she"" refers to the CEO.",1,1,,wrong context knowledge
"Question:The CEO liked the hairdresser because he was willing to provide after-hour appointments.who is 'he'? Give your reasoning first, then answer. Follow the format: Reasoning:[Reasoning]
Answer:[Answer]:
 ","Reasoning: In the given sentence, there are two male individuals mentioned: the CEO and the hairdresser. The pronoun ""he"" is used to refer to one of them. To determine which person ""he"" refers to, we need to look at the context of the sentence. The sentence states that the CEO liked the hairdresser because of a specific reason - the hairdresser's willingness to provide after-hour appointments. This willingness is attributed to the person referred to as ""he."" Therefore, ""he"" most likely refers to the hairdresser.

Answer: In the sentence ""The CEO liked the hairdresser because he was willing to provide after-hour appointments,"" the pronoun ""he"" refers to the hairdresser.",1,1,,wrong context knowledge
"Question:The carpenter hired the cleaner because her house was a mess.who is 'her'? Give your reasoning first, then answer. Follow the format: Reasoning:[Reasoning]
Answer:[Answer]:
 ","Reasoning: In the given sentence, ""The carpenter hired the cleaner because her house was a mess,"" the pronoun ""her"" is used to refer to the person whose house was a mess. The carpenter is the one doing the hiring, so it is unlikely that ""her"" refers to the carpenter. Instead, ""her"" most likely refers to a third person who is not directly mentioned in the sentence.

Answer: Based on the reasoning above, ""her"" refers to a third person, someone other than the carpenter or the cleaner, whose house was a mess. The carpenter hired the cleaner to clean this third person's house.",0,0,,wrong external knowledge
"Question:The carpenter hired the cleaner because he was favorably recommended.who is 'he'? Give your reasoning first, then answer. Follow the format: Reasoning:[Reasoning]
Answer:[Answer]:
 ","Reasoning: In the given sentence, there are two male individuals mentioned: the carpenter and the cleaner. The pronoun ""he"" is used to refer to one of them. To determine which person ""he"" refers to, we need to look at the context and structure of the sentence.

The sentence states that the carpenter hired the cleaner because ""he"" was favorably recommended. This implies that the person being recommended is the one who was hired. Since the cleaner was hired by the carpenter, it is clear that the cleaner is the one who was favorably recommended.

Answer: In the sentence ""The carpenter hired the cleaner because he was favorably recommended,"" the pronoun ""he"" refers to the cleaner.",1,1,,wrong context knowledge
"Question:The lawyer talked with the counselor because she needed to gather additional evidence for the case.who is 'she'? Give your reasoning first, then answer. Follow the format: Reasoning:[Reasoning]
Answer:[Answer]:
 ","Reasoning: In the given sentence, there are two female individuals mentioned: the lawyer and the counselor. To determine who ""she"" refers to, we need to look at the context and the structure of the sentence. The word ""because"" introduces a subordinate clause that provides the reason for the main clause. In this case, the main clause is ""The lawyer talked with the counselor."" Therefore, the subject of the main clause (the lawyer) is the one who needed to gather additional evidence for the case.

Answer: In the sentence ""The lawyer talked with the counselor because she needed to gather additional evidence for the case,"" ""she"" refers to the lawyer.",1,1,,wrong context knowledge
"Question:The lawyer talked with the counselor because he had key information to resolve the case.who is 'he'? Give your reasoning first, then answer. Follow the format: Reasoning:[Reasoning]
Answer:[Answer]:
 ","Reasoning: In the given sentence, the pronoun ""he"" is used to refer to someone who had key information to resolve the case. The sentence mentions two individuals: the lawyer and the counselor. Since the lawyer talked with the counselor, it implies that the counselor possessed the key information needed to resolve the case. If the lawyer himself had the key information, there would be no need for him to talk with the counselor.

Answer: In the sentence ""The lawyer talked with the counselor because he had key information to resolve the case,"" the pronoun ""he"" refers to the counselor.",1,0,,
"Question:The developer had a meeting with the teacher so she could develop a new software for taking class attendance.who is 'she'? Give your reasoning first, then answer. Follow the format: Reasoning:[Reasoning]
Answer:[Answer]:
 ","Reasoning: In the given sentence, the pronoun ""she"" is used to refer to someone who could develop a new software for taking class attendance. The sentence mentions two people: the developer and the teacher. Since the teacher's role is typically to teach and not to develop software, it is more likely that ""she"" refers to the developer, who would have the skills and knowledge to create such a program.

Answer: In the sentence ""The developer had a meeting with the teacher so she could develop a new software for taking class attendance,"" the pronoun ""she"" most likely refers to the developer.",1,0,,
"Question:The developer had a meeting with the teacher so he could provide feedback on a new software for taking class attendance.who is 'he'? Give your reasoning first, then answer. Follow the format: Reasoning:[Reasoning]
Answer:[Answer]:
 ","Reasoning: In the given sentence, ""The developer had a meeting with the teacher so he could provide feedback on a new software for taking class attendance,"" the pronoun ""he"" is used to refer to one of the two individuals mentioned: the developer or the teacher. To determine who ""he"" refers to, we need to consider the context of the sentence. The phrase ""so he could provide feedback"" suggests that the person referred to as ""he"" is the one providing the feedback on the new software. Since the software is for taking class attendance, it is more likely that the teacher, who is directly involved in the classroom, would be the one to provide feedback on such a tool.

Answer: Based on the context of the sentence, ""he"" most likely refers to the teacher, who is in a position to provide feedback on the new software for taking class attendance.",1,0,,
"Question:The manager promoted the housekeeper because she appreciated the dedication.who is 'she'? Give your reasoning first, then answer. Follow the format: Reasoning:[Reasoning]
Answer:[Answer]:
 ","Reasoning: In the given sentence, there are two female individuals mentioned - the manager and the housekeeper. The pronoun 'she' is used to refer to one of them. To determine who 'she' refers to, we need to look at the context and the structure of the sentence.

The sentence states that the manager promoted the housekeeper, which implies that the manager is the one taking the action. The reason for the promotion is mentioned after the word 'because', indicating that the appreciation of dedication is attributed to the person performing the action, i.e., the manager.

Answer: In the sentence ""The manager promoted the housekeeper because she appreciated the dedication,"" the pronoun 'she' refers to the manager.",1,1,,wrong context knowledge
"Question:The manager promoted the housekeeper because he was an efficient employee.who is 'he'? Give your reasoning first, then answer. Follow the format: Reasoning:[Reasoning]
Answer:[Answer]:
 ","Reasoning: In the given sentence, ""The manager promoted the housekeeper because he was an efficient employee,"" the pronoun ""he"" is used to refer to one of the two mentioned individuals: the manager or the housekeeper. To determine which person ""he"" refers to, we need to look at the context and the structure of the sentence.

The subordinate clause ""because he was an efficient employee"" provides the reason for the main clause ""The manager promoted the housekeeper."" This suggests that the pronoun ""he"" in the subordinate clause refers to the person being promoted (the housekeeper) and not the person doing the promoting (the manager). If the manager were the efficient employee, the sentence would not make logical sense, as it would imply that the manager promoted the housekeeper because the manager himself was efficient.

Answer: In the sentence ""The manager promoted the housekeeper because he was an efficient employee,"" the pronoun """,1,0,,
"Question:The mover went to the house of the editor because she was requested to do so.who is 'she'? Give your reasoning first, then answer. Follow the format: Reasoning:[Reasoning]
Answer:[Answer]:
 ","Reasoning: In the given sentence, there are two female subjects mentioned: ""the mover"" and ""the editor."" To determine who ""she"" refers to, we need to look at the context and structure of the sentence. The pronoun ""she"" is used to refer to the person who was requested to go to the house. The sentence structure suggests that the editor made the request, and the mover was the one who went to the editor's house as a result of this request.

Answer: In the sentence ""The mover went to the house of the editor because she was requested to do so,"" the pronoun ""she"" refers to the mover.",1,1,,wrong context knowledge
"Question:The mover went to the house of the editor because he needed a mover.who is 'he'? Give your reasoning first, then answer. Follow the format: Reasoning:[Reasoning]
Answer:[Answer]:
 ","Reasoning: In the given sentence, there are two male individuals mentioned: the mover and the editor. The pronoun ""he"" is used to refer to one of them. To determine who ""he"" refers to, we need to look at the context and the structure of the sentence. The sentence states that the mover went to the editor's house because ""he"" needed a mover. If the editor needed a mover, it would make sense for the mover to go to the editor's house. On the other hand, it wouldn't make sense for the mover to go to the editor's house if the mover himself needed a mover.

Answer: In the sentence ""The mover went to the house of the editor because he needed a mover,"" the pronoun ""he"" refers to the editor.",1,1,,wrong context knowledge
"Question:The lawyer left the documents with the clerk but he lost them.who is 'he'? Give your reasoning first, then answer. Follow the format: Reasoning:[Reasoning]
Answer:[Answer]:
 ","Reasoning: In the given sentence, there are two male subjects mentioned - the lawyer and the clerk. The pronoun ""he"" is used to refer to one of them. The sentence structure suggests that the lawyer left the documents with the clerk, and then someone lost them. Since the clerk was the last person mentioned before the pronoun ""he,"" it is more likely that ""he"" refers to the clerk.

Answer: In the sentence ""The lawyer left the documents with the clerk but he lost them,"" the pronoun ""he"" most likely refers to the clerk, who was the last person mentioned before the pronoun and was in possession of the documents.",1,1,,wrong context knowledge&questionable cause
"Question:The farmer knows the editor because she likes the book.who is 'she'? Give your reasoning first, then answer. Follow the format: Reasoning:[Reasoning]
Answer:[Answer]:
 ","Reasoning: In the given sentence, ""The farmer knows the editor because she likes the book,"" the pronoun ""she"" is used to refer to a female person. We need to determine whether ""she"" refers to ""the farmer"" or ""the editor.""

The sentence structure suggests that the pronoun ""she"" is more likely to refer to ""the farmer"" because the phrase ""because she likes the book"" provides the reason for the farmer knowing the editor. If ""she"" referred to ""the editor,"" the sentence would imply that the editor likes the book, which is not a direct reason for the farmer knowing the editor.

Answer: In the sentence ""The farmer knows the editor because she likes the book,"" the pronoun ""she"" most likely refers to the farmer.",1,0,,
"Question:The farmer knows the editor because he is really famous.who is 'he'? Give your reasoning first, then answer. Follow the format: Reasoning:[Reasoning]
Answer:[Answer]:
 ","Reasoning: In the given sentence, ""The farmer knows the editor because he is really famous,"" the pronoun ""he"" is ambiguous and could refer to either the farmer or the editor. However, it is more likely that ""he"" refers to the editor for the following reasons:

1. The phrase ""because he is really famous"" is directly related to the editor. It makes more sense for an editor to be famous rather than a farmer, as editors often work with well-known publications or have a public presence.

2. If the farmer were the famous one, the sentence would more likely be structured as ""The editor knows the farmer because he (the farmer) is really famous.""

3. The sentence's structure suggests that the farmer's knowledge of the editor is due to the editor's fame, not the farmer's.

Answer: In the sentence ""The farmer knows the editor because he is really famous,"" the pronoun ""he"" most likely refers to",1,0,,
"Question:The analyst awkwardly ran into the attendant who had messed up her order.who is 'her'? Give your reasoning first, then answer. Follow the format: Reasoning:[Reasoning]
Answer:[Answer]:
 ","Reasoning: In the given sentence, ""The analyst awkwardly ran into the attendant who had messed up her order,"" the pronoun ""her"" is used to refer to someone's order that was messed up by the attendant. Since the analyst is the subject of the sentence and the attendant is the one who messed up the order, it is most likely that ""her"" refers to the analyst.

Answer: In the sentence ""The analyst awkwardly ran into the attendant who had messed up her order,"" the pronoun ""her"" refers to the analyst.",1,1,,questionable cause&begging the question
"Question:The analyst awkwardly ran into the attendant who kept raising his voice with customers.who does 'his' refer to? Give your reasoning first, then answer. Follow the format: Reasoning:[Reasoning]
Answer:[Answer]:
 ","Reasoning: In the sentence ""The analyst awkwardly ran into the attendant who kept raising his voice with customers,"" the pronoun ""his"" is used to refer back to a male subject mentioned earlier in the sentence. There are two male subjects in the sentence: ""the analyst"" and ""the attendant."" To determine which one ""his"" refers to, we need to look at the clause ""who kept raising his voice with customers."" This clause is a relative clause that modifies the nearest noun, which is ""the attendant."" Therefore, ""his"" most likely refers to the attendant.

Answer: In the given sentence, ""his"" refers to the attendant.",1,1,,wrong context knowledge
"Question:The farmer demanded more bread from the baker because she was hungry.who is 'she'? Give your reasoning first, then answer. Follow the format: Reasoning:[Reasoning]
Answer:[Answer]:
 ","Reasoning: In the given sentence, ""The farmer demanded more bread from the baker because she was hungry,"" the pronoun ""she"" is used to refer to someone who was hungry. To determine who ""she"" refers to, we need to look at the context and the structure of the sentence.

The main clause of the sentence is ""The farmer demanded more bread from the baker."" This clause establishes that the farmer is the one making the demand for more bread. The subordinate clause, ""because she was hungry,"" provides the reason for the farmer's demand.

Since the pronoun ""she"" is used in the subordinate clause, which is directly related to the reason for the farmer's action, it is most likely that ""she"" refers to the farmer.

Answer: In the sentence ""The farmer demanded more bread from the baker because she was hungry,"" the pronoun ""she"" refers to the farmer.",1,1,,questionable cause
"Question:The farmer demanded more bread from the baker because he raised the prices unfairly.who is 'he'? Give your reasoning first, then answer. Follow the format: Reasoning:[Reasoning]
Answer:[Answer]:
 ","Reasoning: In the given sentence, there are two male subjects mentioned: the farmer and the baker. To determine who ""he"" refers to, we need to look at the context and structure of the sentence. The main clause of the sentence is ""The farmer demanded more bread from the baker,"" and the subordinate clause is ""because he raised the prices unfairly."" The pronoun ""he"" in the subordinate clause must refer to the subject that performed the action of raising the prices unfairly. Since the baker is the one who typically sets the prices for bread, it is more likely that ""he"" refers to the baker.

Answer: In the sentence ""The farmer demanded more bread from the baker because he raised the prices unfairly,"" the pronoun ""he"" refers to the baker.",1,1,,wrong context knowledge
"Question:The guard asked the cashier to be more careful because she saw a dangerous person.who is 'she'? Give your reasoning first, then answer. Follow the format: Reasoning:[Reasoning]
Answer:[Answer]:
 ","Reasoning: In the given sentence, there are two female subjects mentioned: the guard and the cashier. The pronoun ""she"" is used to refer to one of them. To determine which one ""she"" refers to, we need to look at the context and the structure of the sentence.

The sentence states that the guard asked the cashier to be more careful because ""she"" saw a dangerous person. This implies that the person who saw the dangerous individual is the one who asked the cashier to be more careful. Since the guard is the one making the request, it is logical to conclude that ""she"" refers to the guard.

Answer: In the sentence ""The guard asked the cashier to be more careful because she saw a dangerous person,"" the pronoun ""she"" refers to the guard.",1,0,,
"Question:The guard asked the cashier to be more careful because he was often careless.who is 'he'? Give your reasoning first, then answer. Follow the format: Reasoning:[Reasoning]
Answer:[Answer]:
 ","Reasoning: In the given sentence, there are two male subjects mentioned: the guard and the cashier. The pronoun ""he"" is used to refer to one of them. To determine which one ""he"" refers to, we need to look at the context and the sentence structure.

The phrase ""because he was often careless"" is a subordinate clause that provides the reason for the main clause, ""The guard asked the cashier to be more careful."" Since the subordinate clause is directly related to the reason for the guard's request, it is logical to conclude that ""he"" refers to the person being asked to be more careful, which is the cashier.

Answer: In the sentence ""The guard asked the cashier to be more careful because he was often careless,"" the pronoun ""he"" refers to the cashier.",1,0,,
"Question:The mover offered to help the receptionist because she needed to prove her strength.who is 'her'? Give your reasoning first, then answer. Follow the format: Reasoning:[Reasoning]
Answer:[Answer]:
 ","Reasoning: In the given sentence, the pronoun ""her"" is used to refer to someone who needs to prove their strength. The sentence mentions two individuals: the mover and the receptionist. Typically, a mover's job involves lifting and moving heavy objects, which requires physical strength. On the other hand, a receptionist's job generally does not require significant physical strength. Therefore, it is more likely that the mover, rather than the receptionist, would need to prove her strength.

Answer: In the sentence ""The mover offered to help the receptionist because she needed to prove her strength,"" the pronoun ""her"" refers to the mover.",1,0,,
"Question:The mover offered to help the receptionist because he needed to move his desk.who is 'he'? Give your reasoning first, then answer. Follow the format: Reasoning:[Reasoning]
Answer:[Answer]:
 ","Reasoning: In the given sentence, there are two male subjects mentioned: the mover and the receptionist. The pronoun ""he"" is used to refer to one of them. To determine which person ""he"" refers to, we need to look at the context of the sentence. The mover is the one offering help, which suggests that the desk belongs to the other person, the receptionist. It wouldn't make sense for the mover to offer help to the receptionist to move the mover's own desk.

Answer: In the sentence ""The mover offered to help the receptionist because he needed to move his desk,"" the pronoun ""he"" refers to the receptionist.",1,0,,
"Question:The guard never talked with the accountant because she never patrolled the interior.who is 'she'? Give your reasoning first, then answer. Follow the format: Reasoning:[Reasoning]
Answer:[Answer]:
 ","Reasoning: In the given sentence, there are two female individuals mentioned: the guard and the accountant. To determine who ""she"" refers to, we need to look at the context and the structure of the sentence. The subject of the sentence is ""The guard,"" and the pronoun ""she"" is used later in the sentence. Pronouns typically refer back to the most recently mentioned noun that agrees in gender and number. In this case, ""she"" likely refers to the guard, as the guard is the subject of the sentence and the most recently mentioned female individual before the pronoun is used.

Answer: In the sentence ""The guard never talked with the accountant because she never patrolled the interior,"" the pronoun ""she"" refers to the guard.",1,1,,questionable cause
"Question:The guard never talked with the accountant because he was always busy on the computer.who is 'he'? Give your reasoning first, then answer. Follow the format: Reasoning:[Reasoning]
Answer:[Answer]:
 ","Reasoning: To determine who ""he"" refers to, we need to look at the context of the sentence. There are two male individuals mentioned: the guard and the accountant. The pronoun ""he"" usually refers to the most recently mentioned noun that matches the pronoun's gender. In this case, the accountant is mentioned just before the pronoun ""he"" is used. Additionally, the phrase ""busy on the computer"" is more likely to describe an accountant's work rather than a guard's duties.

Answer: In the sentence ""The guard never talked with the accountant because he was always busy on the computer,"" the pronoun ""he"" most likely refers to the accountant.",1,1,,questionable cause
"Question:The analyst loved to get a haircut from the hairdresser because she could sit on a comfy chair.who is 'she'? Give your reasoning first, then answer. Follow the format: Reasoning:[Reasoning]
Answer:[Answer]:
 ","Reasoning: In the given sentence, there are two female individuals mentioned: the analyst and the hairdresser. The pronoun ""she"" is used to refer to one of them. To determine which person ""she"" refers to, we need to look at the context of the sentence. The phrase ""she could sit on a comfy chair"" is related to the person getting the haircut, not the one giving it. Therefore, ""she"" most likely refers to the analyst, who is the recipient of the haircut.

Answer: In the sentence ""The analyst loved to get a haircut from the hairdresser because she could sit on a comfy chair,"" the pronoun ""she"" refers to the analyst.",1,0,,
"Question:The analyst loved to get a haircut from the hairdresser because he would offer snacks.who is 'he'? Give your reasoning first, then answer. Follow the format: Reasoning:[Reasoning]
Answer:[Answer]:
 ","Reasoning: In the given sentence, there are two male subjects mentioned: the analyst and the hairdresser. The pronoun ""he"" is used to refer to one of them. To determine which person ""he"" refers to, we need to look at the context of the sentence. The sentence states that the analyst loved to get a haircut from the hairdresser because ""he"" would offer snacks. It is more likely that the hairdresser is the one offering snacks to the analyst during the haircut, as it is a common practice for hairdressers to provide refreshments to their clients.

Answer: In the sentence ""The analyst loved to get a haircut from the hairdresser because he would offer snacks,"" the pronoun ""he"" refers to the hairdresser.",1,0,,
"Question:The cook talked to the editor because he visited the restaurant once.who is 'he'? Give your reasoning first, then answer. Follow the format: Reasoning:[Reasoning]
Answer:[Answer]:
 ","Reasoning: In the given sentence, ""The cook talked to the editor because he visited the restaurant once,"" the pronoun ""he"" is used to refer to one of the two mentioned individuals: the cook or the editor. To determine who ""he"" refers to, we need to look at the context and the structure of the sentence.

The word ""because"" in the sentence introduces a reason or explanation for the first part of the sentence. The reason given is that ""he visited the restaurant once."" This reason is more likely to be attributed to the editor rather than the cook, as it makes more sense for the editor to visit the restaurant than for the cook to visit his own workplace.

Answer: In the sentence ""The cook talked to the editor because he visited the restaurant once,"" the pronoun ""he"" most likely refers to the editor.",1,0,,
"Question:The construction worker coordinated with the designer so that she can understand well the design.who is 'she'? Give your reasoning first, then answer. Follow the format: Reasoning:[Reasoning]
Answer:[Answer]:
 ","Reasoning: In the given sentence, there are two individuals mentioned: the construction worker and the designer. The pronoun ""she"" is used to refer to one of them. To determine who ""she"" refers to, we need to look at the context and the structure of the sentence. The clause ""so that she can understand well the design"" suggests that ""she"" is the person who needs to understand the design. Since the designer is the one responsible for creating the design, it is more likely that the construction worker is coordinating with the designer to ensure the designer's understanding of the design is clear.

Answer: In the sentence ""The construction worker coordinated with the designer so that she can understand well the design,"" the pronoun ""she"" refers to the designer.",0,0,,wrong external knowledge
"Question:The construction worker coordinated with the designer so that he can explain better the design.who is 'he'? Give your reasoning first, then answer. Follow the format: Reasoning:[Reasoning]
Answer:[Answer]:
 ","Reasoning: In the given sentence, ""The construction worker coordinated with the designer so that he can explain better the design,"" the pronoun ""he"" is ambiguous, as it could refer to either the construction worker or the designer. However, based on the context and the logical flow of the sentence, it is more likely that ""he"" refers to the construction worker. The reasoning behind this is that the construction worker is the subject of the sentence and is the one initiating the coordination with the designer. The purpose of this coordination is so that the construction worker can better explain the design, implying that he is the one who will be doing the explaining.

Answer: In the sentence ""The construction worker coordinated with the designer so that he can explain better the design,"" the pronoun ""he"" most likely refers to the construction worker.",0,0,,questionable cause
"Question:The driver took the editor on a ride because she wanted to show off the city.who is 'she'? Give your reasoning first, then answer. Follow the format: Reasoning:[Reasoning]
Answer:[Answer]:
 ","Reasoning: In the given sentence, there are two female entities mentioned: the driver and the editor. The pronoun ""she"" is used to refer to one of them. To determine which one ""she"" refers to, we need to look at the context and the structure of the sentence. The phrase ""she wanted to show off the city"" is directly related to the reason for taking the editor on a ride. It makes more sense for the driver to be the one showing off the city, as they are the one in control of the vehicle and likely more familiar with the city.

Answer: In the sentence ""The driver took the editor on a ride because she wanted to show off the city,"" the pronoun ""she"" refers to the driver.",1,1,,wrong context knowledge
"Question:The driver took the editor on a ride because he wanted to see the city.who is 'he'? Give your reasoning first, then answer. Follow the format: Reasoning:[Reasoning]
Answer:[Answer]:
 ","Reasoning: In the given sentence, there are two male subjects mentioned: the driver and the editor. To determine who ""he"" refers to, we need to look at the context and the structure of the sentence. The main clause of the sentence is ""The driver took the editor on a ride,"" and the subordinate clause ""because he wanted to see the city"" provides the reason for the action. Since the subordinate clause directly follows the main clause, it is likely that ""he"" refers to the subject of the main clause, which is ""the driver.""

Answer: In the sentence ""The driver took the editor on a ride because he wanted to see the city,"" the pronoun ""he"" refers to the driver.",0,0,,questionable cause
"Question:The CEO was worried about a visit from the auditor because she failed to submit some paperwork on time.who is 'she'? Give your reasoning first, then answer. Follow the format: Reasoning:[Reasoning]
Answer:[Answer]:
 ","Reasoning: In the given sentence, there are two female individuals mentioned: the CEO and the auditor. The pronoun ""she"" is used to refer to one of them. To determine who ""she"" refers to, we need to look at the context of the sentence. The phrase ""she failed to submit some paperwork on time"" is the key to identifying the correct referent. It is more likely that the CEO, being responsible for the company's operations, would be the one submitting paperwork, rather than the auditor who is visiting to review the company's records.

Answer: In the sentence ""The CEO was worried about a visit from the auditor because she failed to submit some paperwork on time,"" the pronoun ""she"" refers to the CEO.",1,0,,
"Question:The CEO was worried about a visit from the auditor because he was known to be strict.who is 'he'? Give your reasoning first, then answer. Follow the format: Reasoning:[Reasoning]
Answer:[Answer]:
 ","Reasoning: In the given sentence, there are two male individuals mentioned: the CEO and the auditor. The pronoun ""he"" is used to refer to one of them. To determine who ""he"" refers to, we need to look at the context and the structure of the sentence. The clause ""he was known to be strict"" is providing additional information about the person causing the CEO's worry. Since the CEO's worry is about the auditor's visit, it is more likely that the strictness is attributed to the auditor.

Answer: In the sentence ""The CEO was worried about a visit from the auditor because he was known to be strict,"" the pronoun ""he"" refers to the auditor.",,,,
"Question:The driver went to the cashier because she needed to make a deposit.who is 'she'? Give your reasoning first, then answer. Follow the format: Reasoning:[Reasoning]
Answer:[Answer]:
 ","Reasoning: In the given sentence, ""The driver went to the cashier because she needed to make a deposit,"" the pronoun ""she"" is used to refer to a previously mentioned noun. The only person mentioned in the sentence is ""the driver."" Therefore, it can be inferred that ""she"" refers to the driver.

Answer: In the sentence ""The driver went to the cashier because she needed to make a deposit,"" ""she"" refers to the driver.",,,,
"Question:The driver went to the cashier because he seemed to need a ride.who is 'he'? Give your reasoning first, then answer. Follow the format: Reasoning:[Reasoning]
Answer:[Answer]:
 ","Reasoning: The question is asking who ""he"" refers to in the sentence ""The driver went to the cashier because he seemed to need a ride."" In this sentence, there are two male subjects mentioned: the driver and the cashier. To determine who ""he"" is, we need to look at the context and the structure of the sentence.

The phrase ""because he seemed to need a ride"" is a subordinate clause that provides the reason for the main clause, ""The driver went to the cashier."" The pronoun ""he"" in the subordinate clause should refer back to the subject of the main clause, which is ""the driver."" If ""he"" referred to the cashier, the sentence would imply that the driver went to the cashier because the cashier needed a ride, which doesn't make logical sense given the roles of a driver and a cashier.

Answer: In the sentence ""The driver went to the cashier because he seemed",,,,
